{"cameraMode":{"drawMode":0,"name":"Shaded","section":"Shading Mode"},"sceneLighting":false,"audioPlay":false,"sceneViewState":{"m_AlwaysRefresh":false,"showFog":true,"showSkybox":false,"showFlares":true,"showImageEffects":true,"showParticleSystems":true,"showVisualEffectGraphs":true,"m_FxEnabled":true},"in2DMode":false,"pivot":{"x":-0.10558542609214783,"y":0.255411833524704,"z":-1.9536662101745606},"rotation":{"x":-0.045818451792001727,"y":-0.056911252439022067,"z":0.002614888595417142,"w":-0.9973233938217163},"size":1.0606601238250733,"orthographic":false}